34128,igorS212825
34129,igorS212826
34130,igorS212827
34131,igorS212829
34132,igorS212828
34133,igorS212830
34134,igorS212831
34135,igorS212832
34136,igorS212833
34137,igorS212834
34138,igorS212835
34139,igorS212836
34140,igorS212837
34141,igorS212838
34142,igorS212840
34143,igorS212839
34144,igorS212841
34145,igorS212842
34146,igorS212843
34147,igorS212844
34148,igorS212845
34149,igorS212846
34150,igorS212847
34151,igorS212848
34152,igorS212849
34153,igorS212850
34154,igorS212851
34155,igorS212852
34156,igorS212853
34157,igorS212854
34158,igorS212855
34159,igorS212856
34160,igorS212857
34161,igorS212858
34162,igorS212859
34163,igorS212860
34164,igorS212861
34165,igorS212862
34166,igorS212863
34167,igorS212865
34168,igorS212864
34169,igorS212866
34170,igorS212868
34171,igorS212867
34172,igorS212870
34173,igorS212869
34174,igorS212871
34175,igorS212872
34176,igorS212873
34177,igorS212874
34178,igorS212875
34179,igorS212876
34180,igorS212877
34181,igorS212878
34182,igorS212879
34183,igorS212880
34184,igorS212881
34185,igorS212882
34186,igorS212883
34187,igorS212884
34188,igorS212885
34189,igorS212887
34190,igorS212886
34191,igorS212888
34192,igorS212889
34193,igorS212890
34194,igorS212891
34195,igorS212892
34196,igorS212893
34197,igorS212894
34198,igorS212895
34199,igorS212896
34200,igorS212898
34201,igorS212897
34202,igorS212900
34203,igorS212899
34204,igorS212901
34205,igorS212902
34206,igorS212903
34207,igorS212904
34208,igorS212905
34209,igorS212906
34210,igorS212907
34211,igorS212908
34212,igorS212909
34213,igorS212910
34214,igorS212911
34215,igorS212912
34216,igorS212913
34217,igorS212914
34218,igorS212915
34219,igorS212917
34220,igorS212916
34221,igorS212919
34222,igorS212918
34223,igorS212921
34224,igorS212920
34225,igorS212923
34226,igorS212922
34227,igorS212924
34228,igorS212925
34229,igorS212927
34230,igorS212926
34231,igorS212928
34232,igorS212929
34233,igorS212930
34234,igorS212931
34235,igorS212933
34236,igorS212932
34237,igorS212935
34238,igorS212934
34239,igorS212937
34240,igorS212936
34241,igorS212939
34242,igorS212938
34243,igorS212940
34244,igorS212941
34245,igorS212942
34246,igorS212943
34248,igorS212945
34247,igorS212944
34249,igorS212946
34250,igorS212947
34251,igorS212948
34252,igorS212949
34253,igorS212951
34254,igorS212950
34255,igorS212952
34256,igorS212953
34257,igorS212954
34258,igorS212955
34259,igorS212956
34260,igorS212957
34261,igorS212958
34262,igorS212959
34263,igorS212960
34264,igorS212961
34265,igorS212963
34266,igorS212962
34267,igorS212964
34268,igorS212965
34269,igorS212966
34270,igorS212967
34271,igorS212968
34272,igorS212969
34273,igorS212970
34274,igorS212971
34275,igorS212972
34276,igorS212973
34277,igorS212974
34278,igorS212975
34279,igorS212976
34280,igorS212977
34281,igorS212978
34282,igorS212979
34283,igorS212980
34284,igorS212981
34285,igorS212982
34286,igorS212983
34287,igorS212984
34288,igorS212986
34289,igorS212985
34290,igorS212988
34291,igorS212987
34292,igorS212989
34293,igorS212990
34294,igorS212992
34295,igorS212991
34296,igorS212993
34297,igorS212994
34298,igorS212995
34299,igorS212996
34300,igorS212997
34301,igorS212999
34302,igorS212998
34303,igorS213000
34304,igorS213001
34305,igorS213002
34306,igorS213003
34307,igorS213004
34308,igorS213005
34309,igorS213007
34310,igorS213006
34311,igorS213008
34312,igorS213009
34313,igorS213010
34314,igorS213011
34315,igorS213012
34316,igorS213013
34317,igorS213015
34318,igorS213014
34319,igorS213016
34320,igorS213017
34321,igorS213018
34322,igorS213019
34323,igorS213020
34324,igorS213022
34325,igorS213021
34326,igorS213023
34327,igorS213024
34328,igorS213025
34329,igorS213026
34330,igorS213027
34331,igorS213028
34332,igorS213029
34333,igorS213030
34334,igorS213031
34335,igorS213033
34336,igorS213032
34337,igorS213035
34338,igorS213034
34339,igorS213037
34340,igorS213036
34341,igorS213038
34342,igorS213039
34344,igorS213041
34343,igorS213040
34345,igorS213042
34346,igorS213043
34347,igorS213045
34348,igorS213044
34349,igorS213047
34350,igorS213046
34351,igorS213049
34352,igorS213048
34353,igorS213050
34354,igorS213051
34355,igorS213052
34356,igorS213053
34357,igorS213055
34358,igorS213054
34359,igorS213057
34360,igorS213056
34361,igorS213058
34362,igorS213059
34363,igorS213060
34364,igorS213062
34365,igorS213061
34366,igorS213064
34367,igorS213063
34368,igorS213065
34369,igorS213066
34370,igorS213067
34371,igorS213068
34372,igorS213070
34373,igorS213069
34374,igorS213072
34375,igorS213071
34376,igorS213073
34377,igorS213074
34378,igorS213075
34379,igorS213076
34380,igorS213077
34381,igorS213079
34382,igorS213078
34383,igorS213080
34384,igorS213081
34385,igorS213082
34386,igorS213083
34387,igorS213084
34388,igorS213085
34389,igorS213086
34390,igorS213087
34391,igorS213088
34392,igorS213090
34393,igorS213089
34394,igorS213091
34395,igorS213092
34396,igorS213093
34397,igorS213094
34398,igorS213095
34399,igorS213096
34400,igorS213097
34401,igorS213098
34402,igorS213099
34403,igorS213100
34404,igorS213101
34405,igorS213103
34406,igorS213102
34407,igorS213105
34408,igorS213104
34409,igorS213107
34410,igorS213106
34411,igorS213109
34412,igorS213108
34413,igorS213110
34414,igorS213111
34415,igorS213112
34416,igorS213113
34417,igorS213114
34418,igorS213116
34419,igorS213115
34420,igorS213117
34421,igorS213118
34422,igorS213119
34423,igorS213120
34424,igorS213121
34425,igorS213122
34426,igorS213123
34427,igorS213125
34428,igorS213124
34429,igorS213126
34430,igorS213127
34431,igorS213128
34432,igorS213129
34433,igorS213131
34434,igorS213130
34435,igorS213133
34436,igorS213132
34437,igorS213134
34438,igorS213135
34439,igorS213136
34440,igorS213137
34441,igorS213138
34442,igorS213139
34443,igorS213140
34444,igorS213141
34445,igorS213143
34446,igorS213142
34447,igorS213144
34448,igorS213145
34449,igorS213146
34450,igorS213147
34451,igorS213148
34452,igorS213149
34453,igorS213151
34454,igorS213150
34455,igorS213152
34456,igorS213153
34457,igorS213154
34458,igorS213155
34459,igorS213156
34460,igorS213157
34461,igorS213158
34462,igorS213159
34463,igorS213160
34464,igorS213161
34465,igorS213162
34466,igorS213164
34467,igorS213163
34468,igorS213166
34469,igorS213165
34470,igorS213167
34471,igorS213168
34472,igorS213169
34473,igorS213170
34474,igorS213171
34475,igorS213172
34476,igorS213173
34477,igorS213174
34478,igorS213175
34479,igorS213176
34480,igorS213177
34481,igorS213178
34482,igorS213180
34483,igorS213179
34484,igorS213181
34485,igorS213183
34486,igorS213182
34487,igorS213185
34488,igorS213184
34489,igorS213187
34490,igorS213186
34491,igorS213188
34492,igorS213189
34493,igorS213191
34494,igorS213190
34495,igorS213192
34496,igorS213193
34497,igorS213194
34498,igorS213195
34499,igorS213196
34500,igorS213197
34501,igorS213198
34502,igorS213200
34503,igorS213199
34504,igorS213202
34505,igorS213201
34506,igorS213204
34507,igorS213203
34508,igorS213205
34509,igorS213206
34510,igorS213207
34512,igorS213209
34511,igorS213208
34513,igorS213210
34514,igorS213211
34515,igorS213212
34516,igorS213213
34517,igorS213214
34518,igorS213215
34519,igorS213216
34520,igorS213217
34521,igorS213218
34522,igorS213219
34523,igorS213220
34524,igorS213222
34525,igorS213221
34526,igorS213223
34527,igorS213224
34528,igorS213225
34529,igorS213226
34530,igorS213227
34531,igorS213228
34532,igorS213229
34533,igorS213230
34534,igorS213231
34535,igorS213233
34536,igorS213232
34537,igorS213234
34538,igorS213235
34539,igorS213237
34540,igorS213236
34541,igorS213238
34542,igorS213239
34543,igorS213240
34544,igorS213241
34545,igorS213242
34546,igorS213243
34547,igorS213245
34548,igorS213244
34549,igorS213246
34550,igorS213247
34551,igorS213249
34552,igorS213248
34553,igorS213250
34554,igorS213251
34555,igorS213252
34556,igorS213253
34557,igorS213254
34558,igorS213255
34559,igorS213256
34560,igorS213257
34561,igorS213258
34562,igorS213259
34563,igorS213260
34564,igorS213262
34565,igorS213261
34566,igorS213264
34567,igorS213263
34568,igorS213265
34569,igorS213266
34570,igorS213267
34571,igorS213268
34572,igorS213269
34573,igorS213270
34574,igorS213271
34575,igorS213272
34576,igorS213273
34577,igorS213275
34578,igorS213274
34579,igorS213277
34580,igorS213276
34581,igorS213278
34582,igorS213279
34583,igorS213280
34584,igorS213281
34585,igorS213283
34586,igorS213282
34587,igorS213284
34588,igorS213285
34589,igorS213286
34590,igorS213287
34591,igorS213289
34592,igorS213288
34594,igorS213291
34593,igorS213290
34595,igorS213292
34596,igorS213293
34597,igorS213294
34598,igorS213295
34599,igorS213296
34600,igorS213297
34601,igorS213298
34602,igorS213299
34603,igorS213300
34604,igorS213301
34605,igorS213302
34606,igorS213303
34607,igorS213304
34608,igorS213306
34609,igorS213305
34610,igorS213308
34611,igorS213307
34612,igorS213309
34613,igorS213310
34614,igorS213312
34615,igorS213311
34616,igorS213314
34617,igorS213313
34618,igorS213316
34619,igorS213315
34620,igorS213317
34621,igorS213318
34622,igorS213319
34623,igorS213320
34624,igorS213321
34625,igorS213322
34626,igorS213323
34627,igorS213324
34628,igorS213325
34629,igorS213326
34630,igorS213327
34631,igorS213328
34632,igorS213329
34633,igorS213331
34634,igorS213330
34635,igorS213333
34636,igorS213332
34637,igorS213334
34638,igorS213335
34639,igorS213336
34640,igorS213337
34641,igorS213338
34642,igorS213339
34643,igorS213340
34644,igorS213341
34645,igorS213342
34646,igorS213343
34647,igorS213344
34648,igorS213345
34649,igorS213347
34650,igorS213346
34651,igorS213348
34652,igorS213349
34653,igorS213350
34654,igorS213351
34655,igorS213352
34656,igorS213353
34657,igorS213354
34658,igorS213355
34659,igorS213356
34660,igorS213357
34661,igorS213358
34662,igorS213359
34663,igorS213361
34664,igorS213360
34665,igorS213362
34666,igorS213363
34667,igorS213364
34668,igorS213365
34669,igorS213366
34670,igorS213368
34671,igorS213367
34672,igorS213369
34673,igorS213370
34674,igorS213371
34675,igorS213372
34676,igorS213373
34677,igorS213374
34678,igorS213375
34679,igorS213376
34680,igorS213377
34681,igorS213378
34682,igorS213379
34683,igorS213380
34684,igorS213381
34685,igorS213382
34686,igorS213383
34687,igorS213384
34688,igorS213385
34689,igorS213386
34690,igorS213387
34691,igorS213388
34692,igorS213389
34693,igorS213390
34694,igorS213391
34695,igorS213392
34696,igorS213393
34697,igorS213394
34698,igorS213395
34699,igorS213396
34700,igorS213397
34701,igorS213398
34702,igorS213399
34703,igorS213400
34704,igorS213402
34705,igorS213401
34706,igorS213403
34707,igorS213404
34708,igorS213406
34709,igorS213405
34710,igorS213408
34711,igorS213407
34712,igorS213409
34713,igorS213410
34714,igorS213411
34715,igorS213412
34716,igorS213413
34717,igorS213414
34718,igorS213415
34719,igorS213416
34720,igorS213417
34721,igorS213418
34722,igorS213419
34723,igorS213420
34724,igorS213421
34725,igorS213422
34726,igorS213423
34727,igorS213424
34728,igorS213425
34729,igorS213427
34730,igorS213426
34731,igorS213429
34732,igorS213428
34733,igorS213430
34734,igorS213431
34735,igorS213432
34736,igorS213433
34737,igorS213434
34738,igorS213435
34739,igorS213436
34740,igorS213437
34741,igorS213438
34742,igorS213439
34743,igorS213440
34744,igorS213441
34745,igorS213442
34746,igorS213443
34747,igorS213444
34748,igorS213446
34749,igorS213445
34750,igorS213447
34751,igorS213448
34752,igorS213450
34753,igorS213449
34754,igorS213452
34755,igorS213451
34756,igorS213453
34757,igorS213454
34758,igorS213455
34759,igorS213456
34760,igorS213457
34761,igorS213458
34762,igorS213459
34763,igorS213460
34764,igorS213462
34765,igorS213461
34766,igorS213463
34767,igorS213464
34768,igorS213466
34769,igorS213465
34770,igorS213467
34771,igorS213468
34772,igorS213469
34773,igorS213470
34774,igorS213471
34775,igorS213473
34776,igorS213472
34777,igorS213475
34778,igorS213474
34779,igorS213476
34780,igorS213477
34781,igorS213479
34782,igorS213478
34783,igorS213480
34784,igorS213481
34785,igorS213483
34786,igorS213482
34787,igorS213485
34788,igorS213484
34789,igorS213486
34790,igorS213487
34791,igorS213488
34792,igorS213489
34793,igorS213491
34794,igorS213490
34795,igorS213493
34796,igorS213492
34797,igorS213494
34798,igorS213495
34799,igorS213496
34800,igorS213497
34801,igorS213498
34802,igorS213499
34803,igorS213501
34804,igorS213500
34805,igorS213502
34806,igorS213503
34807,igorS213504
34808,igorS213505
34809,igorS213506
34810,igorS213507
34811,igorS213509
34812,igorS213508
34813,igorS213510
34814,igorS213511
34815,igorS213512
34816,igorS213513
34817,igorS213514
34818,igorS213515
34819,igorS213516
34820,igorS213517
34821,igorS213518
34822,igorS213519
34823,igorS213520
34824,igorS213521
34825,igorS213522
34826,igorS213523
34827,igorS213524
34828,igorS213525
34829,igorS213526
34830,igorS213527
34831,igorS213528
34832,igorS213529
34833,igorS213531
34834,igorS213530
34835,igorS213533
34836,igorS213532
34837,igorS213534
34838,igorS213535
34839,igorS213537
34840,igorS213536
34841,igorS213538
34842,igorS213539
34843,igorS213541
34844,igorS213540
34845,igorS213542
34846,igorS213543
34848,igorS213545
34847,igorS213544
34849,igorS213546
34850,igorS213547
34851,igorS213549
34852,igorS213548
34853,igorS213551
34854,igorS213550
34855,igorS213553
34856,igorS213552
34857,igorS213555
34858,igorS213554
34859,igorS213556
34860,igorS213557
34861,igorS213558
34862,igorS213559
34863,igorS213560
34864,igorS213562
34865,igorS213561
34866,igorS213563
34867,igorS213564
34868,igorS213565
34869,igorS213566
34870,igorS213567
34871,igorS213568
34872,igorS213569
34873,igorS213570
34874,igorS213571
34875,igorS213572
34876,igorS213573
34877,igorS213574
34878,igorS213575
34879,igorS213576
34880,igorS213577
34881,igorS213578
34882,igorS213579
34883,igorS213580
34884,igorS213581
34885,igorS213582
34887,igorS213583
34886,igorS213584
34888,igorS213585
34889,igorS213586
34890,igorS213587
34891,igorS213588
34892,igorS213589
34893,igorS213590
34894,igorS213591
34895,igorS213592
34896,igorS213593
34897,igorS213594
34898,igorS213595
34899,igorS213596
34900,igorS213597
34901,igorS213598
34902,igorS213599
34903,igorS213600
34904,igorS213601
34905,igorS213602
34906,igorS213604
34907,igorS213603
34908,igorS213605
34909,igorS213606
34911,igorS213607
34910,igorS213608
34912,igorS213610
34913,igorS213609
34915,igorS213611
34914,igorS213612
34917,igorS213614
34916,igorS213613
34918,igorS213615
34919,igorS213616
34920,igorS213617
34921,igorS213618
34922,igorS213619
34923,igorS213620
34925,igorS213622
34924,igorS213621
34926,igorS213623
34927,igorS213624
34929,igorS213626
34928,igorS213625
34930,igorS213627
34931,igorS213628
34933,igorS213629
34932,igorS213630
34934,igorS213631
34935,igorS213632
34936,igorS213633
34937,igorS213634
34938,igorS213635
34939,igorS213636
34940,igorS213637
34941,igorS213638
34942,igorS213639
34943,igorS213640
34945,igorS213642
34944,igorS213641
34947,igorS213643
34946,igorS213644
34948,igorS213645
34949,igorS213646
34950,igorS213648
34951,igorS213647
34952,igorS213649
34953,igorS213650
34955,igorS213652
34954,igorS213651
34956,igorS213654
34957,igorS213653
34959,igorS213656
34958,igorS213655
34961,igorS213657
34960,igorS213658
34963,igorS213660
34962,igorS213659
34965,igorS213662
34964,igorS213661
34966,igorS213663
34967,igorS213664
34969,igorS213666
34968,igorS213665
34970,igorS213667
34971,igorS213668
34972,igorS213669
34973,igorS213670
34974,igorS213671
34975,igorS213672
34976,igorS213673
34977,igorS213674
34979,igorS213676
34978,igorS213675
34980,igorS213677
34981,igorS213678
34982,igorS213679
34983,igorS213680
34984,igorS213681
34985,igorS213682
34986,igorS213683
34987,igorS213684
34988,igorS213685
34989,igorS213686
34990,igorS213687
34991,igorS213688
34993,igorS213690
34992,igorS213689
34995,igorS213692
34994,igorS213691
34996,igorS213693
34997,igorS213694
34999,igorS213695
34998,igorS213696
35000,igorS213697
35001,igorS213698
35003,igorS213699
35002,igorS213700
35004,igorS213701
35005,igorS213702
35006,igorS213703
35007,igorS213704
35009,igorS213705
35008,igorS213706
35011,igorS213707
35010,igorS213708
35013,igorS213709
35012,igorS213710
35014,igorS213711
35015,igorS213712
35017,igorS213714
35016,igorS213713
35019,igorS213715
35018,igorS213716
35020,igorS213718
35021,igorS213717
35023,igorS213719
35022,igorS213720
35024,igorS213722
35025,igorS213721
35027,igorS213723
35026,igorS213724
35028,igorS213725
35029,igorS213726
35031,igorS213728
35030,igorS213727
35033,igorS213730
35032,igorS213729
35034,igorS213731
35035,igorS213732
35036,igorS213733
35037,igorS213734
35039,igorS213735
35038,igorS213736
35040,igorS213738
35041,igorS213737
35042,igorS213739
35043,igorS213740
35044,igorS213741
35045,igorS213742
35047,igorS213743
35046,igorS213744
35048,igorS213745
35049,igorS213746
35050,igorS213747
35051,igorS213748
35052,igorS213750
35053,igorS213749
35054,igorS213751
35055,igorS213752
35057,igorS213753
35056,igorS213754
35058,igorS213755
35059,igorS213756
35060,igorS213757
35061,igorS213758
35063,igorS213760
35062,igorS213759
35065,igorS213761
35064,igorS213762
35067,igorS213763
35066,igorS213764
35068,igorS213765
35069,igorS213766
35071,igorS213768
35070,igorS213767
35073,igorS213769
35072,igorS213770
35074,igorS213772
35075,igorS213771
35077,igorS213774
35076,igorS213773
35078,igorS213775
35079,igorS213776
35081,igorS213777
35080,igorS213778
35083,igorS213779
35082,igorS213780
35085,igorS213782
35084,igorS213781
35086,igorS213784
35087,igorS213783
35089,igorS213786
35088,igorS213785
35091,igorS213787
35090,igorS213788
35092,igorS213790
35093,igorS213789
35094,igorS213792
35095,igorS213791
35096,igorS213793
35097,igorS213794
35098,igorS213795
35099,igorS213796
35100,igorS213797
35101,igorS213798
35102,igorS213799
35103,igorS213800
35105,igorS213801
35104,igorS213802
35106,igorS213804
35107,igorS213803
35108,igorS213806
35109,igorS213805
35111,igorS213808
35110,igorS213807
35113,igorS213809
35112,igorS213810
35114,igorS213812
35115,igorS213811
35116,igorS213813
35117,igorS213814
35118,igorS213815
35119,igorS213816
35120,igorS213817
35121,igorS213818
35122,igorS213819
35123,igorS213820
35124,igorS213821
35125,igorS213822
35127,igorS213824
35126,igorS213823
35128,igorS213825
35129,igorS213826
35130,igorS213827
35131,igorS213828
35132,igorS213829
35133,igorS213830
35135,igorS213832
35134,igorS213831
35137,igorS213834
35136,igorS213833
35138,igorS213836
35139,igorS213835
35140,igorS213837
35141,igorS213838
35142,igorS213839
35143,igorS213840
35144,igorS213841
35145,igorS213842
35146,igorS213844
35147,igorS213843
35148,igorS213846
35149,igorS213845
35150,igorS213847
35151,igorS213848
35152,igorS213849
35153,igorS213850
35155,igorS213852
35154,igorS213851
35156,igorS213854
35157,igorS213853
35158,igorS213855
35159,igorS213857
35160,igorS213856
35161,igorS213858
35162,igorS213860
35163,igorS213859
35165,igorS213862
35164,igorS213861
35166,igorS213864
35167,igorS213863
35169,igorS213865
35168,igorS213866
35170,igorS213868
35171,igorS213867
35173,igorS213870
35172,igorS213869
35175,igorS213872
35174,igorS213871
35176,igorS213874
35177,igorS213873
35179,igorS213876
35178,igorS213875
35181,igorS213878
35180,igorS213877
35183,igorS213880
35182,igorS213879
35184,igorS213881
35185,igorS213882
35187,igorS213884
35186,igorS213883
35188,igorS213886
35189,igorS213885
35191,igorS213887
35190,igorS213888
35192,igorS213889
35193,igorS213890
35195,igorS213892
35194,igorS213891
35196,igorS213893
35197,igorS213894
35198,igorS213895
35199,igorS213896
35200,igorS213897
35201,igorS213898
35202,igorS213900
35203,igorS213899
35204,igorS213902
35205,igorS213901
35207,igorS213904
35206,igorS213903
35208,igorS213905
35209,igorS213906
35210,igorS213907
35211,igorS213908
35212,igorS213910
35213,igorS213909
35215,igorS213912
35214,igorS213911
35216,igorS213913
35217,igorS213914
35218,igorS213916
35219,igorS213915
35221,igorS213917
35220,igorS213918
35222,igorS213920
35223,igorS213919
35225,igorS213921
35224,igorS213922
35227,igorS213923
35226,igorS213924
35229,igorS213926
35228,igorS213925
35231,igorS213927
35230,igorS213928
35232,igorS213929
35233,igorS213930
35234,igorS213931
35235,igorS213932
35236,igorS213933
35238,igorS213935
35237,igorS213934
35239,igorS213937
35240,igorS213936
35242,igorS213938
35241,igorS213939
35243,igorS213941
35244,igorS213940
35246,igorS213942
35245,igorS213943
35248,igorS213944
35247,igorS213945
35249,igorS213947
35250,igorS213946
35252,igorS213949
35251,igorS213948
35253,igorS213951
35254,igorS213950
35256,igorS213953
35255,igorS213952
35257,igorS213954
35258,igorS213955
35259,igorS213957
35260,igorS213956
35261,igorS213959
35262,igorS213958
35263,igorS213960
35264,igorS213961
35265,igorS213962
35266,igorS213963
35268,igorS213964
35267,igorS213965
35269,igorS213967
35270,igorS213966
35271,igorS213969
35272,igorS213968
35274,igorS213971
35273,igorS213970
35276,igorS213972
35275,igorS213973
35277,igorS213975
35278,igorS213974
35279,igorS213976
35280,igorS213977
35282,igorS213979
35281,igorS213978
35283,igorS213980
35284,igorS213981
35285,igorS213983
35286,igorS213982
35287,igorS213985
35288,igorS213984
35289,igorS213986
35290,igorS213987
35292,igorS213989
35291,igorS213988
35294,igorS213991
35293,igorS213990
35296,igorS213993
35295,igorS213992
35297,igorS213994
35298,igorS213995
35299,igorS213997
35300,igorS213996
35301,igorS213999
35302,igorS213998
35303,igorS214000
35304,igorS214001
35305,igorS214002
35306,igorS214003
35308,igorS214004
35307,igorS214005
35310,igorS214007
35309,igorS214006
35312,igorS214008
35311,igorS214009
35314,igorS214011
35313,igorS214010
35315,igorS214012
35316,igorS214013
35318,igorS214014
35317,igorS214015
35320,igorS214016
35319,igorS214017
35321,igorS214019
35322,igorS214018
35324,igorS214021
35323,igorS214020
35326,igorS214022
35325,igorS214023
35328,igorS214024
35327,igorS214025
35329,igorS214026
35330,igorS214027
35331,igorS214029
35332,igorS214028
35334,igorS214030
35333,igorS214031
35335,igorS214032
35336,igorS214033
35337,igorS214034
35338,igorS214035
35339,igorS214036
35340,igorS214037
35341,igorS214038
35342,igorS214039
35344,igorS214040
35343,igorS214041
35346,igorS214042
35345,igorS214043
35347,igorS214045
35348,igorS214044
35349,igorS214046
35350,igorS214047
35352,igorS214049
35351,igorS214048
35353,igorS214051
35354,igorS214050
35355,igorS214052
35356,igorS214053
35357,igorS214055
35358,igorS214054
35360,igorS214056
35359,igorS214057
35362,igorS214058
35361,igorS214059
35363,igorS214060
35364,igorS214061
35366,igorS214063
35365,igorS214062
35367,igorS214064
35368,igorS214065
35370,igorS214066
35369,igorS214067
35371,igorS214068
35372,igorS214069
35373,igorS214071
35374,igorS214070
35376,igorS214073
35375,igorS214072
35377,igorS214074
35378,igorS214075
35379,igorS214076
35380,igorS214077
35381,igorS214078
35382,igorS214079
35383,igorS214080
35384,igorS214081
35386,igorS214083
35385,igorS214082
35388,igorS214084
35387,igorS214085
35390,igorS214086
35389,igorS214087
35391,igorS214088
35392,igorS214089
35393,igorS214090
35394,igorS214091
35395,igorS214092
35396,igorS214093
35397,igorS214094
35398,igorS214095
35399,igorS214096
35400,igorS214097
35401,igorS214098
35402,igorS214099
35403,igorS214100
35404,igorS214101
35405,igorS214102
35406,igorS214103
35407,igorS214105
35408,igorS214104
35409,igorS214107
35410,igorS214106
35411,igorS214109
35412,igorS214108
35413,igorS214111
35414,igorS214110
35416,igorS214113
35415,igorS214112
35418,igorS214115
35417,igorS214114
35420,igorS214117
35419,igorS214116
35422,igorS214118
35421,igorS214119
35424,igorS214120
35423,igorS214121
35426,igorS214123
35425,igorS214122
35428,igorS214124
35427,igorS214125
35430,igorS214126
35429,igorS214127
35431,igorS214128
35432,igorS214129
35434,igorS214131
35433,igorS214130
35436,igorS214132
35435,igorS214133
35437,igorS214135
35438,igorS214134
35440,igorS214137
35439,igorS214136
35442,igorS214139
35441,igorS214138
35443,igorS214140
35444,igorS214141
35445,igorS214142
35446,igorS214143
35448,igorS214145
35447,igorS214144
35450,igorS214147
35449,igorS214146
35452,igorS214148
35451,igorS214149
35453,igorS214150
35454,igorS214151
35456,igorS214153
35455,igorS214152
35458,igorS214155
35457,igorS214154
35459,igorS214156
35460,igorS214157
35461,igorS214158
35462,igorS214159
35463,igorS214160
35464,igorS214161
35465,igorS214162
35466,igorS214163
35467,igorS214164
35468,igorS214165
35470,igorS214167
35469,igorS214166
35471,igorS214168
35472,igorS214169
35473,igorS214170
35474,igorS214171
35475,igorS214173
35476,igorS214172
35478,igorS214174
35477,igorS214175
35479,igorS214176
35480,igorS214177
35482,igorS214178
35481,igorS214179
35483,igorS214180
35484,igorS214181
35485,igorS214183
35486,igorS214182
35488,igorS214185
35487,igorS214184
35489,igorS214186
35490,igorS214187
35492,igorS214188
35491,igorS214189
35493,igorS214191
35494,igorS214190
35495,igorS214192
35496,igorS214193
35498,igorS214194
35497,igorS214195
35500,igorS214196
35499,igorS214197
35502,igorS214198
35501,igorS214199
35503,igorS214201
35504,igorS214200
35505,igorS214202
35506,igorS214203
35507,igorS214204
35508,igorS214205
35509,igorS214206
35510,igorS214207
35511,igorS214208
35512,igorS214209
35513,igorS214210
35514,igorS214211
35515,igorS214212
35516,igorS214213
35517,igorS214214
35518,igorS214215
35519,igorS214216
35520,igorS214217
35521,igorS214218
35522,igorS214219
35523,igorS214220
35525,igorS214222
35524,igorS214221
35526,igorS214223
35527,igorS214224
35529,igorS214226
35528,igorS214225
35530,igorS214228
35531,igorS214227
35533,igorS214230
35532,igorS214229
35534,igorS214232
35535,igorS214231
35537,igorS214234
35536,igorS214233
35539,igorS214235
35538,igorS214236
35540,igorS214238
35541,igorS214237
35543,igorS214240
35542,igorS214239
35544,igorS214241
35545,igorS214242
35547,igorS214243
35546,igorS214244
35549,igorS214246
35548,igorS214245
35550,igorS214247
35551,igorS214248
35552,igorS214250
35553,igorS214249
35555,igorS214251
35554,igorS214252
35556,igorS214253
35557,igorS214254
35559,igorS214255
35558,igorS214256
35560,igorS214258
35561,igorS214257
35562,igorS214260
35563,igorS214259
35564,igorS214261
35565,igorS214262
35567,igorS214264
35566,igorS214263
35569,igorS214266
35568,igorS214265
35571,igorS214268
35570,igorS214267
35572,igorS214269
35573,igorS214270
35574,igorS214271
35575,igorS214272
35577,igorS214274
35576,igorS214273
35578,igorS214275
35579,igorS214276
35581,igorS214277
35580,igorS214278
35582,igorS214279
35583,igorS214280
35584,igorS214282
35585,igorS214281
35587,igorS214283
35586,igorS214284
35588,igorS214285
35589,igorS214286
35591,igorS214288
35590,igorS214287
35592,igorS214289
35593,igorS214290
35594,igorS214292
35595,igorS214291
35597,igorS214293
35596,igorS214294
35598,igorS214295
35599,igorS214296
35601,igorS214298
35600,igorS214297
35602,igorS214299
35603,igorS214300
35604,igorS214301
35605,igorS214302
35607,igorS214304
35606,igorS214303
35609,igorS214306
35608,igorS214305
35611,igorS214307
35610,igorS214308
35612,igorS214309
35613,igorS214310
35614,igorS214312
35615,igorS214311
35616,igorS214313
35617,igorS214314
35619,igorS214316
35618,igorS214315
35621,igorS214318
35620,igorS214317
35623,igorS214319
35622,igorS214320
35625,igorS214322
35624,igorS214321
35627,igorS214324
35626,igorS214323
35628,igorS214325
35629,igorS214326
35630,igorS214327
35631,igorS214328
35632,igorS214329
35633,igorS214330
35635,igorS214332
35634,igorS214331
35636,igorS214333
35637,igorS214334
35639,igorS214336
35638,igorS214335
35640,igorS214338
35641,igorS214337
35643,igorS214340
35642,igorS214339
35644,igorS214341
35645,igorS214342
35647,igorS214344
35646,igorS214343
35649,igorS214346
35648,igorS214345
35650,igorS214348
35651,igorS214347
35652,igorS214350
35653,igorS214349
35654,igorS214351
35655,igorS214352
35656,igorS214353
35657,igorS214354
35659,igorS214356
35658,igorS214355
35660,igorS214357
35661,igorS214358
35663,igorS214360
35662,igorS214359
35664,igorS214361
35665,igorS214362
35667,igorS214363
35666,igorS214364
35669,igorS214366
35668,igorS214365
35671,igorS214367
35670,igorS214368
35672,igorS214370
35673,igorS214369
35674,igorS214371
35675,igorS214372
35677,igorS214374
35676,igorS214373
35679,igorS214376
35678,igorS214375
35680,igorS214378
35681,igorS214377
35683,igorS214379
35682,igorS214380
35684,igorS214382
35685,igorS214381
35687,igorS214384
35686,igorS214383
35688,igorS214385
35689,igorS214386
35690,igorS214387
35691,igorS214388
35692,igorS214390
35693,igorS214389
35694,igorS214391
35695,igorS214392
35696,igorS214393
35697,igorS214394
35698,igorS214396
35699,igorS214395
35700,igorS214398
35701,igorS214397
35702,igorS214400
35703,igorS214399
35704,igorS214402
35705,igorS214401
35706,igorS214404
35707,igorS214403
35708,igorS214406
35709,igorS214405
35711,igorS214407
35710,igorS214408
35713,igorS214409
35712,igorS214410
35715,igorS214412
35714,igorS214411
35717,igorS214414
35716,igorS214413
35719,igorS214416
35718,igorS214415
35721,igorS214418
35720,igorS214417
35723,igorS214420
35722,igorS214419
35725,igorS214421
35724,igorS214422
35726,igorS214423
35727,igorS214424
35728,igorS214425
35729,igorS214426
35730,igorS214427
35731,igorS214428
35732,igorS214430
35733,igorS214429
35734,igorS214431
35735,igorS214432
35736,igorS214433
35737,igorS214434
35738,igorS214436
35739,igorS214435
35741,igorS214437
35740,igorS214438
35743,igorS214439
35742,igorS214440
35744,igorS214441
35745,igorS214442
35747,igorS214444
35746,igorS214443
35748,igorS214445
35749,igorS214446
35750,igorS214447
35751,igorS214448
35752,igorS214450
35753,igorS214449
35754,igorS214452
35755,igorS214451
35756,igorS214454
35757,igorS214453
35759,igorS214455
35758,igorS214456
35761,igorS214457
35760,igorS214458
35763,igorS214460
35762,igorS214459
35765,igorS214461
35764,igorS214462
35766,igorS214463
35767,igorS214464
35768,igorS214465
35769,igorS214466
35771,igorS214468
35770,igorS214467
35772,igorS214469
35773,igorS214470
35774,igorS214472
35775,igorS214471
35776,igorS214473
35777,igorS214474
35778,igorS214475
35779,igorS214476
35780,igorS214477
35781,igorS214478
35782,igorS214480
35783,igorS214479
35785,igorS214481
35784,igorS214482
35787,igorS214483
35786,igorS214484
35788,igorS214485
35789,igorS214486
35790,igorS214487
35791,igorS214488
35793,igorS214489
35792,igorS214490
35795,igorS214492
35794,igorS214491
35797,igorS214493
35796,igorS214494
35798,igorS214496
35799,igorS214495
35801,igorS214497
35800,igorS214498
35803,igorS214500
35802,igorS214499
35804,igorS214501
35805,igorS214502
35807,igorS214504
35806,igorS214503
35808,igorS214506
35809,igorS214505
35810,igorS214507
35811,igorS214508
35812,igorS214510
35813,igorS214509
35815,igorS214511
35814,igorS214512
35816,igorS214513
35817,igorS214514
35818,igorS214516
35819,igorS214515
35820,igorS214518
35821,igorS214517
35823,igorS214519
35822,igorS214520
35824,igorS214522
35825,igorS214521
35827,igorS214524
35826,igorS214523
35829,igorS214526
35828,igorS214525
35830,igorS214528
35831,igorS214527
35832,igorS214529
35833,igorS214530
35834,igorS214532
35835,igorS214531
35837,igorS214533
35836,igorS214534
35838,igorS214535
35839,igorS214536
35841,igorS214538
35840,igorS214537
35842,igorS214540
35843,igorS214539
35844,igorS214542
35845,igorS214541
35847,igorS214543
35846,igorS214544
35849,igorS214545
35848,igorS214546
35850,igorS214548
35851,igorS214547
35852,igorS214549
35853,igorS214550
35854,igorS214551
35855,igorS214552
35856,igorS214553
35857,igorS214554
35859,igorS214555
35858,igorS214556
35860,igorS214558
35861,igorS214557
35862,igorS214559
35863,igorS214560
35865,igorS214561
35864,igorS214562
35866,igorS214564
35867,igorS214563
35869,igorS214565
35868,igorS214566
35870,igorS214568
35871,igorS214567
35873,igorS214570
35872,igorS214569
35875,igorS214571
35874,igorS214572
35876,igorS214574
35877,igorS214573
35878,igorS214576
35879,igorS214575
35881,igorS214577
35880,igorS214578
35883,igorS214580
35882,igorS214579
35884,igorS214582
35885,igorS214581
35886,igorS214583
35887,igorS214584
35889,igorS214586
35888,igorS214585
35891,igorS214588
35890,igorS214587
35893,igorS214590
35892,igorS214589
35894,igorS214592
35895,igorS214591
35897,igorS214593
35896,igorS214594
35899,igorS214595
35898,igorS214596
35900,igorS214597
35901,igorS214598
35903,igorS214600
35902,igorS214599
35905,igorS214602
35904,igorS214601
35907,igorS214604
35906,igorS214603
35908,igorS214605
35909,igorS214606
35911,igorS214608
35910,igorS214607
35912,igorS214609
35913,igorS214610
35914,igorS214611
35915,igorS214612
35917,igorS214613
35916,igorS214614
35919,igorS214616
35918,igorS214615
35920,igorS214617
35921,igorS214618
35922,igorS214620
35923,igorS214619
35924,igorS214621
35925,igorS214622
35926,igorS214623
35927,igorS214624
35928,igorS214626
35929,igorS214625
35931,igorS214627
35930,igorS214628
35932,igorS214629
35933,igorS214630
35934,igorS214632
35935,igorS214631
35937,igorS214634
35936,igorS214633
35939,igorS214636
35938,igorS214635
35941,igorS214638
35940,igorS214637
35942,igorS214639
35943,igorS214640
35944,igorS214641
35945,igorS214642
35946,igorS214644
35947,igorS214643
35948,igorS214645
35949,igorS214646
35950,igorS214647
35951,igorS214648
35952,igorS214650
35953,igorS214649
35955,igorS214652
35954,igorS214651
35956,igorS214654
35957,igorS214653
35959,igorS214656
35958,igorS214655
35960,igorS214658
35961,igorS214657
35962,igorS214659
35963,igorS214660
35964,igorS214661
35965,igorS214662
35967,igorS214664
35966,igorS214663
35968,igorS214665
35969,igorS214666
35970,igorS214668
35971,igorS214667
35973,igorS214669
35972,igorS214670
35974,igorS214671
35975,igorS214672
35976,igorS214674
35977,igorS214673
35978,igorS214676
35979,igorS214675
35980,igorS214677
35981,igorS214678
35983,igorS214680
35982,igorS214679
35984,igorS214682
35985,igorS214681
35986,igorS214684
35987,igorS214683
35988,igorS214685
35989,igorS214686
35991,igorS214688
35990,igorS214687
35993,igorS214689
35992,igorS214690
35994,igorS214691
35995,igorS214692
35996,igorS214693
35997,igorS214694
35998,igorS214696
35999,igorS214695
36001,igorS214697
36000,igorS214698
36002,igorS214700
36003,igorS214699
36005,igorS214701
36004,igorS214702
36007,igorS214704
36006,igorS214703
36008,igorS214706
36009,igorS214705
36010,igorS214707
36011,igorS214708
36012,igorS214709
36013,igorS214710
36015,igorS214712
36014,igorS214711
36017,igorS214714
36016,igorS214713
36019,igorS214715
36018,igorS214716
36020,igorS214718
36021,igorS214717
36023,igorS214719
36022,igorS214720
36024,igorS214722
36025,igorS214721
36026,igorS214723
36027,igorS214724
36028,igorS214725
36029,igorS214726
36030,igorS214727
36031,igorS214728
36032,igorS214730
36033,igorS214729
36034,igorS214731
36035,igorS214732
36036,igorS214734
36037,igorS214733
36039,igorS214735
36038,igorS214736
36040,igorS214738
36041,igorS214737
36042,igorS214739
36043,igorS214740
36044,igorS214741
36045,igorS214742
36047,igorS214743
36046,igorS214744
36048,igorS214745
36049,igorS214746
36051,igorS214748
36050,igorS214747
36053,igorS214749
36052,igorS214750
36055,igorS214752
36054,igorS214751
36057,igorS214753
36056,igorS214754
36058,igorS214755
36059,igorS214756
36061,igorS214758
36060,igorS214757
36063,igorS214759
36062,igorS214760
36064,igorS214762
36065,igorS214761
36066,igorS214763
36067,igorS214764
36068,igorS214766
36069,igorS214765
36070,igorS214767
36071,igorS214768
36072,igorS214770
36073,igorS214769
36074,igorS214771
36075,igorS214772
36076,igorS214773
36077,igorS214774
36079,igorS214775
36078,igorS214776
36080,igorS214777
36081,igorS214778
36082,igorS214780
36083,igorS214779
36085,igorS214782
36084,igorS214781
36087,igorS214784
36086,igorS214783
36088,igorS214786
36089,igorS214785
36091,igorS214788
36090,igorS214787
36093,igorS214789
36092,igorS214790
36095,igorS214791
36094,igorS214792
36096,igorS214793
36097,igorS214794
36098,igorS214795
36099,igorS214796
36100,igorS214798
36101,igorS214797
36103,igorS214799
36102,igorS214800
36105,igorS214801
36104,igorS214802
36107,igorS214804
36106,igorS214803
36109,igorS214806
36108,igorS214805
36110,igorS214808
36111,igorS214807
36112,igorS214810
36113,igorS214809
36114,igorS214812
36115,igorS214811
36116,igorS214813
36117,igorS214814
36118,igorS214815
36119,igorS214816
36121,igorS214818
36120,igorS214817
36122,igorS214819
36123,igorS214820
36124,igorS214821
36125,igorS214822
36127,igorS214824
36126,igorS214823
36128,igorS214825
36129,igorS214826
36130,igorS214828
36131,igorS214827
36132,igorS214829
36133,igorS214830
36134,igorS214831
36135,igorS214832
36136,igorS214833
36137,igorS214834
36138,igorS214835
36139,igorS214836
36140,igorS214838
36141,igorS214837
36142,igorS214840
36143,igorS214839
36144,igorS214842
36145,igorS214841
36146,igorS214843
36147,igorS214844
36149,igorS214845
36148,igorS214846
36150,igorS214847
36151,igorS214848
36153,igorS214850
36152,igorS214849
36155,igorS214851
36154,igorS214852
36156,igorS214854
36157,igorS214853
36159,igorS214855
36158,igorS214856
36160,igorS214858
36161,igorS214857
36162,igorS214859
36163,igorS214860
36164,igorS214861
36165,igorS214862
36166,igorS214864
36167,igorS214863
36169,igorS214866
36168,igorS214865
36170,igorS214868
36171,igorS214867
36172,igorS214870
36173,igorS214869
36175,igorS214871
36174,igorS214872
36176,igorS214873
36177,igorS214874
36179,igorS214875
36178,igorS214876
36181,igorS214878
36180,igorS214877
36183,igorS214879
36182,igorS214880
36185,igorS214882
36184,igorS214881
36186,igorS214883
36187,igorS214884
36189,igorS214886
36188,igorS214885
36190,igorS214888
36191,igorS214887
36193,igorS214889
36192,igorS214890
36194,igorS214892
36195,igorS214891
36197,igorS214894
36196,igorS214893
36198,igorS214896
36199,igorS214895
36200,igorS214897
36201,igorS214898
36202,igorS214899
36203,igorS214900
36205,igorS214902
36204,igorS214901
36207,igorS214904
36206,igorS214903
36208,igorS214905
36209,igorS214906
36211,igorS214907
36210,igorS214908
36213,igorS214909
36212,igorS214910
36215,igorS214911
36214,igorS214912
36217,igorS214914
36216,igorS214913
36218,igorS214915
36219,igorS214916
36220,igorS214917
36221,igorS214918
36223,igorS214919
36222,igorS214920
36224,igorS214921
36225,igorS214922
36227,igorS214924
36226,igorS214923
36229,igorS214926
36228,igorS214925
36230,igorS214928
36231,igorS214927
36232,igorS214929
36233,igorS214930
36234,igorS214932
36235,igorS214931
36236,igorS214934
36237,igorS214933
36238,igorS214936
36239,igorS214935
36240,igorS214937
36241,igorS214938
36243,igorS214939
36242,igorS214940
36245,igorS214942
36244,igorS214941
36247,igorS214944
36246,igorS214943
36248,igorS214945
36249,igorS214946
36250,igorS214948
36251,igorS214947
36252,igorS214949
36253,igorS214950
36254,igorS214951
36255,igorS214952
36257,igorS214954
36256,igorS214953
36259,igorS214956
36258,igorS214955
36260,igorS214958
36261,igorS214957
36262,igorS214959
36263,igorS214960
36265,igorS214961
36264,igorS214962
36267,igorS214963
36266,igorS214964
36268,igorS214965
36269,igorS214966
36271,igorS214968
36270,igorS214967
36272,igorS214969
36273,igorS214970
36275,igorS214971
36274,igorS214972
36277,igorS214973
36276,igorS214974
36279,igorS214975
36278,igorS214976
36280,igorS214978
36281,igorS214977
36282,igorS214979
36283,igorS214980
36284,igorS214982
36285,igorS214981
36286,igorS214983
36287,igorS214984
36288,igorS214986
36289,igorS214985
36291,igorS214987
36290,igorS214988
36292,igorS214989
36293,igorS214990
36295,igorS214992
36294,igorS214991
36296,igorS214993
36297,igorS214994
36298,igorS214996
36299,igorS214995
36300,igorS214997
36301,igorS214998
36303,igorS215000
36302,igorS214999
36305,igorS215001
36304,igorS215002
36307,igorS215004
36306,igorS215003
36309,igorS215006
36308,igorS215005
36311,igorS215007
36310,igorS215008
36312,igorS215009
36313,igorS215010
36314,igorS215011
36315,igorS215012
36316,igorS215014
36317,igorS215013
36318,igorS215015
36319,igorS215016
36321,igorS215018
36320,igorS215017
36322,igorS215020
36323,igorS215019
36324,igorS215021
36325,igorS215022
36326,igorS215023
36327,igorS215024
36329,igorS215026
36328,igorS215025
36330,igorS215027
36331,igorS215028
36333,igorS215029
36332,igorS215030
36334,igorS215032
36335,igorS215031
36336,igorS215033
36337,igorS215034
36338,igorS215035
36339,igorS215036
36340,igorS215037
36341,igorS215038
36342,igorS215039
36343,igorS215040
36344,igorS215041
36345,igorS215042
36346,igorS215043
36347,igorS215044
36348,igorS215046
36349,igorS215045
36350,igorS215048
36351,igorS215047
36353,igorS215050
36352,igorS215049
36355,igorS215051
36354,igorS215052
36356,igorS215054
36357,igorS215053
36358,igorS215055
36359,igorS215056
36361,igorS215057
36360,igorS215058
36363,igorS215060
36362,igorS215059
36364,igorS215061
36365,igorS215062
36366,igorS215063
36367,igorS215064
36368,igorS215065
36369,igorS215066
36371,igorS215067
36370,igorS215068
36373,igorS215070
36372,igorS215069
36375,igorS215071
36374,igorS215072
36377,igorS215073
36376,igorS215074
36378,igorS215075
36379,igorS215076
36381,igorS215077
36380,igorS215078
36382,igorS215080
36383,igorS215079
36384,igorS215081
36385,igorS215082
36386,igorS215083
36387,igorS215084
36388,igorS215086
36389,igorS215085
36391,igorS215087
36390,igorS215088
36392,igorS215090
36393,igorS215089
36395,igorS215091
36394,igorS215092
36397,igorS215094
36396,igorS215093
36398,igorS215096
36399,igorS215095
36401,igorS215098
36400,igorS215097
36403,igorS215099
36402,igorS215100
36404,igorS215102
36405,igorS215101
36407,igorS215103
36406,igorS215104
36409,igorS215105
36408,igorS215106
36411,igorS215107
36410,igorS215108
36412,igorS215109
36413,igorS215110
36414,igorS215111
36415,igorS215112
36416,igorS215114
36417,igorS215113
36418,igorS215116
36419,igorS215115
36421,igorS215117
36420,igorS215118
36423,igorS215120
36422,igorS215119
36424,igorS215121
36425,igorS215122
36427,igorS215123
36426,igorS215124
36429,igorS215126
36428,igorS215125
36430,igorS215128
36431,igorS215127
36433,igorS215129
36432,igorS215130
36435,igorS215131
36434,igorS215132
36437,igorS215133
36436,igorS215134
36438,igorS215135
36439,igorS215136
36440,igorS215137
36441,igorS215138
36442,igorS215139
36443,igorS215140
36444,igorS215142
36445,igorS215141
36446,igorS215143
36447,igorS215144
36448,igorS215145
36449,igorS215146
36451,igorS215148
36450,igorS215147
36452,igorS215150
36453,igorS215149
36455,igorS215151
36454,igorS215152
36456,igorS215153
36457,igorS215154
36458,igorS215156
36459,igorS215155
36460,igorS215157
36461,igorS215158
36463,igorS215160
36462,igorS215159
36464,igorS215161
36465,igorS215162
36466,igorS215163
36467,igorS215164
36468,igorS215165
36469,igorS215166
36470,igorS215168
36471,igorS215167
36472,igorS215169
36473,igorS215170
36475,igorS215171
36474,igorS215172
36476,igorS215174
36477,igorS215173
36478,igorS215175
36479,igorS215176
36481,igorS215177
36480,igorS215178
36482,igorS215179
36483,igorS215180
36484,igorS215181
36485,igorS215182
36486,igorS215183
36487,igorS215184
36488,igorS215186
36489,igorS215185
36490,igorS215187
36491,igorS215188
36492,igorS215189
36493,igorS215190
36495,igorS215191
36494,igorS215192
36496,igorS215193
36497,igorS215194
36499,igorS215195
36498,igorS215196
36501,igorS215198
36500,igorS215197
36502,igorS215199
36503,igorS215200
36505,igorS215202
36504,igorS215201
36506,igorS215203
36507,igorS215204
36509,igorS215206
36508,igorS215205
36511,igorS215207
36510,igorS215208
36512,igorS215209
36513,igorS215210
36515,igorS215211
36514,igorS215212
